"Group","t1_Optimised","t1_Lower_CI","t1_Upper_CI","t1_eps","nu_1_Optimised","nu_1_Lower_CI","nu_1_Upper_CI","nu_1_eps","nu_2_Optimised","nu_2_Lower_CI","nu_2_Upper_CI","nu_2_eps","nu11_Optimised","nu11_Lower_CI","nu11_Upper_CI","nu11_eps","nu12_Optimised","nu12_Lower_CI","nu12_Upper_CI","nu12_eps","t2_Optimised","t2_Lower_CI","t2_Upper_CI","t2_eps","me2_12_Optimised","me2_12_Lower_CI","me2_12_Upper_CI","me2_12_eps","me2_21_Optimised","me2_21_Lower_CI","me2_21_Upper_CI","me2_21_eps","P2_Optimised","P2_Lower_CI","P2_Upper_CI","P2_eps","nu21_Optimised","nu21_Lower_CI","nu21_Upper_CI","nu21_eps","nu22_Optimised","nu22_Lower_CI","nu22_Upper_CI","nu22_eps","theta_Optimised","theta_Lower_CI","theta_Upper_CI","theta_eps","unfil.snps","sfs.snps","snps","L.eff","nref"
"group1-group2",60.4742244974821,59.0891380477471,61.8632528510228,0.001,32.7242071811627,21.7149625897616,43.732959034588,0.001,7391.06963572554,6845.64811564706,7936.49115580403,1,554.642372187031,528.377713498505,580.908509089485,0.01,360.420337037411,358.747737978846,362.093428833951,0.01,20.3490929210796,5.01114521302192,35.6890115810401,0.001,6.3772989809,4.928934922,7.825215565,1e-04,19.43055348885,16.745399265,22.1152268685,0.001,0.28934,0.1203,0.4584,1,551.219567838727,549.301831637244,553.135333088307,0.01,592.32549435579,544.960810071194,639.692149592289,0.01,6088.64543959498,6088.6442,6088.6467,1,33523695,285376.87,0.00851269139633922,3321709.96700076,24636.8987857518
