"Group","t1_Optimised","t1_Lower_CI","t1_Upper_CI","t1_eps","nu_1_Optimised","nu_1_Lower_CI","nu_1_Upper_CI","nu_1_eps","nu_2_Optimised","nu_2_Lower_CI","nu_2_Upper_CI","nu_2_eps","me1_12_Optimised","me1_12_Lower_CI","me1_12_Upper_CI","me1_12_eps","me1_21_Optimised","me1_21_Lower_CI","me1_21_Upper_CI","me1_21_eps","P1_Optimised","P1_Lower_CI","P1_Upper_CI","P1_eps","nu11_Optimised","nu11_Lower_CI","nu11_Upper_CI","nu11_eps","nu12_Optimised","nu12_Lower_CI","nu12_Upper_CI","nu12_eps","theta_Optimised","theta_Lower_CI","theta_Upper_CI","theta_eps","unfil.snps","sfs.snps","snps","L.eff","nref"
"group1-group2",83.3735861137313,79.3896956884261,87.3608169775023,0.001,24.0588817178961,8.0942999575035,40.0226283686722,0.001,316.016126514705,301.267881910682,330.763953563921,0.01,1.8184679325,0,14.9594424,1e-04,6.6712950756,6.559082163,6.782758236,1e-04,0.15524,0,0.317,1e-04,546.777582504612,535.919069716638,557.636095292586,0.01,521.771060149442,509.239405244897,534.301044834753,0.01,5159.62500192972,5159.6244,5159.6256,1,33523695,285376.87,0.00851269139633922,3321709.96700076,20877.7404114096
