Model,N_runs,Mean_LL,Std_LL,Mean_AIC,Std_AIC,Best_LL,Best_AIC
bottle,15,-2327.89,3799.46999952437,4661.78,7598.93999904874,-754.12,1514.24
size_change,55,-5273.069090909089,12566.127425062075,10550.138181818178,25132.25485012415,-134.97,273.94
bottle_neck,5,-20699.598,21916.783254200876,41407.196,43833.56650840175,-126.62,261.24
snm.1d,55,-35637.12400000001,10835.870380740513,71276.24800000002,21671.740761481025,-15965.8,31933.6
